{
	"real_name": "Jason Antonucci",
	"join_date": "2021-10-05 15:27:47",
	"description": "",
	"occupation": "",
	"hometown": "",
	"city": null,
	"country": null,
	"email": "j.m.antonuccifam2016@gmail.com",
	"social": {
		"facebook": "",
		"twitter": "",
		"instagram": "",
		"pintrest": "",
		"tumblr": ""
	},
	"website_url": "",
	"profile_url": "https://www.flickr.com/people/194107720@N02/",
	"nsid": "194107720@N02",
	"path_alias": null,
	"screen_name": "j.m.antonuccifam2016",
	"pro_user": "no",
	"showcase": {
		"photos": [

		]
	},
	"settings": {
		"who_can_download_photos": "only you",
		"largest_sharable_size": null,
		"is_shareable": "any flickr member",
		"can_add_me_to_photos": "any flickr member",
		"allow_photos_in_galleries": "anyone",
		"view_exif": "anyone",
		"photos_hidden_public_search": "no",
		"profile_hidden_public_search": "no",
		"profile_email_visibility": "nobody",
		"profile_name_visibility": "anyone",
		"profile_city_visibility": "anyone",
		"show_autotags": "no",
		"new_uploads": {
			"can_view": "anyone",
			"can_comment_on": "any flickr member",
			"can_add_notes_tags_people": "people you follow"
		},
		"default_license": "All Rights Reserved",
		"view_geo": "anyone",
		"import_geo_exif": "yes",
		"photostream_safety_level": "safe",
		"photostream_content_type": "photos"
	},
	"stats": {
		"view_counts": {
			"photos": null,
			"photostream": "0",
			"sets": null,
			"collections": null,
			"galleries": null,
			"total": 0
		},
		"tags_count": 0,
		"geotags_count": null,
		"faves_count": "0",
		"groups_count": "0",
		"comments_count": {
			"photos": "0",
			"sets": "0",
			"apps": "0",
			"galleries": "0"
		}
	}
}